{"cameraMode":{"drawMode":0,"name":"Shaded","section":"Shading Mode"},"sceneLighting":true,"audioPlay":false,"sceneViewState":{"m_AlwaysRefresh":false,"showFog":true,"showSkybox":true,"showFlares":true,"showImageEffects":true,"showParticleSystems":true,"showVisualEffectGraphs":true,"m_FxEnabled":true},"in2DMode":false,"pivot":{"x":20.59866714477539,"y":-11.735628128051758,"z":-7.455802917480469},"rotation":{"x":-0.13595986366271974,"y":-0.47811174392700198,"z":0.07519660890102387,"w":-0.8644543886184692},"size":27.850011825561525,"orthographic":false}